# total_frames:1 beg:0 end:0 stride:1 interaction_types:hp,sb,pc,ps,ts,vdw,hb
# Columns: frame, interaction_type, atom_1, atom_2[, atom_3[, atom_4]]
0	sb	H:ASP:31:OD2	V:HIS:77:ND1
0	pc	H:PHE:101:CE1	V:LYS:35:NZ
0	pc	L:PHE:53:CE1	V:HIS:73:NE2
0	pc	L:PHE:53:CE1	V:HIS:73:ND1
0	ps	L:PHE:53:CE1	V:HIS:73:CD2
0	vdw	H:TYR:57:CE2	W:GLN:9:CD
0	vdw	H:TYR:57:CE2	W:GLN:9:OE1
0	vdw	H:TYR:57:CE2	W:GLN:9:NE2
0	vdw	H:TYR:57:CD2	W:GLN:9:CD
0	vdw	H:TYR:57:CD2	W:GLN:9:OE1
0	vdw	H:ALA:54:C	W:TYR:12:CE2
0	vdw	H:ALA:54:C	W:TYR:12:CE1
0	vdw	H:ALA:54:C	W:TYR:12:CZ
0	vdw	H:GLY:55:CA	W:TYR:12:CG
0	vdw	H:GLY:55:O	W:GLN:9:CG
0	vdw	H:GLY:55:CA	W:TYR:12:CD1
0	vdw	H:GLY:56:O	W:GLN:9:OE1
0	vdw	H:GLY:56:O	W:MET:5:CE
0	vdw	H:GLY:56:N	W:TYR:8:CE2
0	vdw	H:GLY:56:CA	W:TYR:8:CD2
0	vdw	H:GLY:56:CA	W:TYR:8:CE2
0	vdw	H:ILE:51:CG2	W:MET:5:CE
0	vdw	H:ALA:54:CB	W:TYR:12:CZ
0	vdw	H:ALA:54:CB	W:TYR:12:OH
0	vdw	H:ALA:54:CA	W:TYR:12:CE2
0	vdw	H:GLY:55:N	W:TYR:12:CE2
0	vdw	H:GLY:55:N	W:TYR:12:CG
0	vdw	H:GLY:55:N	W:TYR:12:CD2
0	vdw	H:GLY:55:N	W:TYR:12:CD1
0	vdw	H:ALA:54:CA	W:TYR:12:CZ
0	vdw	H:ALA:54:CA	W:TYR:12:OH
0	vdw	H:GLY:55:N	W:TYR:12:CE1
0	vdw	H:GLY:55:N	W:TYR:12:CZ
0	vdw	H:PRO:53:O	W:TYR:8:CE2
0	vdw	H:PRO:53:CA	W:TYR:8:OH
0	vdw	H:PRO:53:C	W:TYR:8:OH
0	vdw	H:PRO:53:O	W:TYR:8:OH
0	vdw	H:PRO:53:O	W:TYR:8:CZ
0	vdw	H:TRP:33:CE2	W:MET:5:SD
0	vdw	H:TRP:33:CZ2	W:MET:5:SD
0	vdw	H:TRP:33:NE1	W:MET:5:SD
0	vdw	L:ASP:28:CB	W:PRO:93:CG
0	vdw	L:ASP:28:CG	W:PRO:93:CG
0	vdw	L:TYR:92:CE2	W:ASP:50:CB
0	vdw	L:TYR:92:CE2	W:ASP:50:CG
0	vdw	L:TYR:92:CE2	W:ASP:50:OD1
0	vdw	L:TYR:92:CZ	W:ASP:50:CB
0	vdw	L:TYR:92:CZ	W:ASP:50:OD1
0	vdw	L:TYR:92:CE2	W:GLU:51:OE1
0	vdw	L:TYR:92:CZ	W:GLU:51:OE1
0	vdw	L:TYR:92:CD2	W:ASP:50:OD1
0	vdw	H:TYR:105:CZ	V:LYS:35:NZ
0	vdw	H:PHE:101:CD2	V:LYS:35:CE
0	vdw	H:PHE:101:CD2	V:LYS:35:NZ
0	vdw	H:PHE:101:CE2	V:LYS:35:NZ
0	vdw	H:PHE:101:CD1	V:MET:68:SD
0	vdw	H:PHE:101:N	V:GLN:76:NE2
0	vdw	H:TYR:32:CE2	V:GLN:76:CG
0	vdw	H:TYR:32:CE2	V:GLN:76:CD
0	vdw	H:TYR:32:CD2	V:GLN:76:OE1
0	vdw	H:ASP:31:O	V:MET:68:CE
0	vdw	H:ASP:31:O	V:GLN:76:OE1
0	vdw	H:ASP:31:OD1	V:ILE:78:CB
0	vdw	H:SER:30:O	V:ILE:78:CD1
0	vdw	L:TYR:92:OH	W:GLU:51:CD
0	vdw	L:TYR:92:OH	W:GLU:51:OE1
0	vdw	L:TYR:92:OH	W:GLU:51:OE2
0	vdw	L:TYR:92:OH	W:ASP:50:CB
0	vdw	L:TYR:92:OH	W:LEU:53:CG
0	vdw	H:TYR:105:OH	V:LYS:35:NZ
0	vdw	H:TYR:105:OH	W:ASP:50:CG
0	vdw	H:TYR:105:OH	W:ASP:50:OD2
0	vdw	H:PHE:101:CA	V:GLN:76:NE2
0	vdw	H:PHE:101:C	V:GLN:76:NE2
0	vdw	H:PHE:101:CB	V:ILE:70:CD1
0	vdw	H:PHE:101:CB	V:GLN:76:NE2
0	vdw	H:PHE:102:N	V:GLN:76:NE2
0	vdw	H:PHE:102:CD2	V:GLY:75:CA
0	vdw	H:PHE:102:CD2	V:GLN:76:CG
0	vdw	H:PHE:102:CD2	V:GLN:76:CD
0	vdw	H:PHE:102:CD2	V:GLN:76:NE2
0	vdw	H:ASP:31:OD2	V:HIS:77:CG
0	vdw	H:ASP:31:OD2	V:HIS:77:ND1
0	vdw	H:ASP:31:OD2	V:HIS:77:CA
0	vdw	H:ASP:31:CG	V:ILE:78:N
0	vdw	L:TYR:49:OH	V:HIS:73:CB
0	vdw	L:TYR:49:OH	V:HIS:73:CG
0	vdw	H:PHE:102:CB	V:GLY:75:O
0	vdw	H:PHE:102:O	V:HIS:73:N
0	vdw	H:PHE:102:O	V:HIS:73:CA
0	vdw	H:PHE:102:CB	V:GLY:75:CA
0	vdw	H:PHE:102:CB	V:GLY:75:C
0	vdw	H:PHE:102:CG	V:GLY:75:N
0	vdw	H:PHE:102:CG	V:GLY:75:CA
0	vdw	H:PHE:102:CG	V:GLY:75:C
0	vdw	H:PHE:102:CA	V:ILE:70:CG2
0	vdw	H:PHE:102:CB	V:ILE:70:CG2
0	vdw	H:PHE:102:CD1	V:GLN:74:C
0	vdw	H:PHE:102:CD1	V:GLN:74:O
0	vdw	H:PHE:102:CE1	V:GLN:74:C
0	vdw	H:PHE:102:CE1	V:GLN:74:O
0	vdw	H:PHE:102:CD1	V:GLY:75:N
0	vdw	H:PHE:102:CD1	V:GLY:75:CA
0	vdw	H:PHE:102:CD1	V:GLN:74:N
