#	total_frames:1	interaction_types:sb,pc,ps,ts,vdw,hb,lhb,hbbb,hbsb,hbss,wb,wb2,hbls,hblb,lwb,lwb2,br
#	Columns:	residue_1,	residue_2	frame_count	contact_frequency
H:PHE:102	V:GLY:75	1.000
H:PHE:102	V:HIS:73	1.000
H:GLY:56	W:MET:5	1.000
H:PHE:102	V:ILE:70	1.000
H:PHE:101	V:MET:68	1.000
H:ASP:31	V:ILE:78	1.000
H:TYR:105	W:ASP:50	1.000
H:PHE:101	V:LYS:35	1.000
H:PHE:102	V:GLN:74	1.000
H:ASP:31	V:GLN:76	1.000
L:PHE:53	V:HIS:73	1.000
L:TYR:49	V:HIS:73	1.000
L:TYR:92	W:LEU:53	1.000
L:TYR:92	W:GLU:51	1.000
H:ILE:51	W:MET:5	1.000
H:ALA:54	W:TYR:12	1.000
H:GLY:55	W:GLN:9	1.000
H:TRP:33	W:MET:5	1.000
H:GLY:56	W:TYR:8	1.000
L:TYR:92	W:ASP:50	1.000
H:PHE:101	V:GLN:76	1.000
H:GLY:56	W:GLN:9	1.000
H:SER:30	V:ILE:78	1.000
H:GLY:55	W:TYR:12	1.000
H:ASP:31	V:HIS:77	1.000
H:TYR:32	V:GLN:76	1.000
H:PHE:101	V:ILE:70	1.000
H:TYR:57	W:GLN:9	1.000
H:PRO:53	W:TYR:8	1.000
H:ASP:31	V:MET:68	1.000
H:TYR:105	V:LYS:35	1.000
L:ASP:28	W:PRO:93	1.000
H:PHE:102	V:GLN:76	1.000
